{
    "mean": {
        "Rosenbrock": {
            "CMA_ES": {
                "3": 0.458923273708341,
                "8": 31.393682026887667,
                "13": 107.4584524855062,
                "18": 381.1608755996406,
                "23": 1910.1600103780777,
                "28": 2696.0739518124515,
                "33": 7078.651862006176,
                "38": 11282.529945590542,
                "43": 24846.851965505593,
                "48": 54214.16778266239,
                "53": 64299.32274026783
            },
            "NMDS": {
                "3": 0.22936495506934293,
                "8": 2.8251637854788774,
                "13": 7.5016161799240155,
                "18": 15.503383241222508,
                "23": 23.039036548485207,
                "28": 28.504985033382752,
                "33": 34.34918088068342,
                "38": 41.86712587475538,
                "43": 48.4777651105537,
                "48": 53.882559014689,
                "53": 57.861196741540745
            },
            "AdaLIPO_E": {
                "3": 37.338954779413655,
                "8": 24460.043869291323,
                "13": 143316.45486358445,
                "18": 576904.3785890109,
                "23": 927214.530717035,
                "28": 1503359.5664776932,
                "33": 2154670.620208884,
                "38": 2579695.4304555743,
                "43": 3344511.7052286984,
                "48": 3791884.233517667,
                "53": 4749097.999840612
            },
            "PRS": {
                "3": 28.09376919647493,
                "8": 31083.326371656636,
                "13": 198558.74859271335,
                "18": 583743.1705539327,
                "23": 1014804.7993241411,
                "28": 1545925.7561654695,
                "33": 1928066.2228942595,
                "38": 2473272.712038053,
                "43": 3507855.1520895585,
                "48": 4084542.2870985703,
                "53": 4862982.436189535
            }
        }
    },
    "std": {
        "Rosenbrock": {
            "CMA_ES": {
                "3": 0.9083035737564714,
                "8": 49.79952068179782,
                "13": 74.87213925698606,
                "18": 282.44160962958875,
                "23": 1888.750848051346,
                "28": 2376.7663071561133,
                "33": 3898.685753359553,
                "38": 2806.5394137699327,
                "43": 8165.486185049014,
                "48": 40996.02785002015,
                "53": 31566.49869354346
            },
            "NMDS": {
                "3": 0.09340311385500547,
                "8": 1.7151893796357303,
                "13": 2.593603401223035,
                "18": 0.7056091996960846,
                "23": 0.6973631355731704,
                "28": 0.7154269042487814,
                "33": 1.680978524729883,
                "38": 1.7788607894681296,
                "43": 0.9548123218154203,
                "48": 2.5670975762648185,
                "53": 5.662644546651896
            },
            "AdaLIPO_E": {
                "3": 42.33459548808931,
                "8": 14184.731951625794,
                "13": 46237.50304455985,
                "18": 132787.763767932,
                "23": 146778.79220293066,
                "28": 248670.6244158113,
                "33": 123413.42503561429,
                "38": 734418.2103905953,
                "43": 241585.93120894142,
                "48": 355942.9481005019,
                "53": 810627.0086408007
            },
            "PRS": {
                "3": 13.843171960337667,
                "8": 16534.878311505323,
                "13": 58922.80290591335,
                "18": 151750.47952167518,
                "23": 190742.51037380178,
                "28": 254779.20187657676,
                "33": 216007.96624907095,
                "38": 443652.4182335378,
                "43": 259969.9737411371,
                "48": 484988.6240239606,
                "53": 298279.52798602136
            }
        }
    }
}