{
    "mean": {
        "Rosenbrock": {
            "PRS": {
                "3": -27.994861995610584,
                "8": -26274.337343068408,
                "13": -165598.4139885088,
                "18": -498452.1883407181,
                "23": -567788.1763121516,
                "28": -1151321.6489769681,
                "33": -1887867.237022403,
                "38": -2640027.919652473,
                "43": -2995672.2259216392,
                "48": -3810127.945297727,
                "53": -4275074.2879117485
            },
            "AdaLIPO_E": {
                "3": -53.535031715420075,
                "8": -29778.458863143733,
                "13": -227659.5232588835,
                "18": -403326.6865323456,
                "23": -1131804.1504316898,
                "28": -1623117.0316563821,
                "33": -2168388.519739693,
                "38": -2668195.5419695093,
                "43": -3473965.574710358,
                "48": -4193855.995728433,
                "53": -4726741.575413874
            },
            "CMA_ES": {
                "3": -1.3240914463441082,
                "8": -67.43341900608469,
                "13": -156.26602495591834,
                "18": -239.3404165059839,
                "23": -322.55759630037073,
                "28": -1411.97887172009,
                "33": -764.8202480675458,
                "38": -1615.1021919513537,
                "43": -1092.1254303030398,
                "48": -5037.598255550552,
                "53": -5206.173716488475
            },
            "GO_SVGD": {
                "3": -4.708020784977047,
                "8": -20.626950018463692,
                "13": -74.40077157707057,
                "18": -74.70582971065329,
                "23": -90.61932266692145,
                "28": -136.08457335295947,
                "33": -106.6022366683571,
                "38": -153.02739601967988,
                "43": -161.40596621029664,
                "48": -176.90430878633407,
                "53": -127.11353242800746
            }
        }
    },
    "std": {
        "Rosenbrock": {
            "PRS": {
                "3": 23.55487900565088,
                "8": 15358.625660427286,
                "13": 25228.7400811083,
                "18": 70473.7908225449,
                "23": 206284.3775250748,
                "28": 265921.26018085855,
                "33": 146050.9603838062,
                "38": 320372.11893078283,
                "43": 474849.920019522,
                "48": 288283.4636517472,
                "53": 448722.9883287938
            },
            "AdaLIPO_E": {
                "3": 19.91876530461885,
                "8": 17852.106626053188,
                "13": 62993.95891934354,
                "18": 55070.52866241008,
                "23": 326510.40393167635,
                "28": 72604.64825260514,
                "33": 425757.97058981727,
                "38": 385451.3987382768,
                "43": 438557.62831443344,
                "48": 359818.30972238164,
                "53": 406167.83528848307
            },
            "CMA_ES": {
                "3": 1.614774066373835,
                "8": 79.60947732633824,
                "13": 151.61177381519602,
                "18": 147.25456876910383,
                "23": 106.13041074720182,
                "28": 1014.4574937434521,
                "33": 639.3879555093465,
                "38": 912.9767036712057,
                "43": 692.3537525607306,
                "48": 2754.708800129722,
                "53": 3238.286895149088
            },
            "GO_SVGD": {
                "3": 3.8871899941559094,
                "8": 28.096335077759004,
                "13": 42.34034942357431,
                "18": 26.23797804087432,
                "23": 21.96148632750809,
                "28": 55.419442457878894,
                "33": 15.885981496877491,
                "38": 37.00206017183156,
                "43": 102.51878046366919,
                "48": 43.2129518887755,
                "53": 43.74573257977528
            }
        }
    }
}