{
    "mean": {
        "Rosenbrock": {
            "PRS": {
                "3": -76.12749387152502,
                "8": -34814.17718345417,
                "13": -209858.94072470636,
                "18": -737242.5498715731,
                "23": -901135.709654054,
                "28": -1496888.522961309,
                "33": -2269507.4224374634,
                "38": -2702434.2310259743,
                "43": -3368090.4647038607,
                "48": -3813762.077509313,
                "53": -4794039.803410529
            },
            "AdaLIPO_E": {
                "3": -22.392354147629344,
                "8": -20646.64781055133,
                "13": -314090.9961896927,
                "18": -491930.2696022396,
                "23": -1053042.7122731467,
                "28": -1727802.0964383457,
                "33": -2143467.197390429,
                "38": -2543553.1361023374,
                "43": -3828865.5275390586,
                "48": -3879751.5184434457,
                "53": -4840456.826734139
            },
            "CMA_ES": {
                "3": -6.725332474069757,
                "8": -208.51454191908925,
                "13": -121.31409833246337,
                "18": -406.09429852786616,
                "23": -3034.9147605893895,
                "28": -6318.84286219355,
                "33": -8521.972532484182,
                "38": -11754.494405971884,
                "43": -33140.08993639732,
                "48": -126306.93945033345,
                "53": -81625.75163258433
            },
            "GO_SVGD": {
                "3": -440.12299845719065,
                "8": -2598.8300916754283,
                "13": -8942.195110860699,
                "18": -13468.788027766588,
                "23": -18419.087957878117,
                "28": -25409.589638474958,
                "33": -24990.09932594259,
                "38": -37355.940610794365,
                "43": -45290.424212864644,
                "48": -43523.776107421756,
                "53": -51203.967210370894
            }
        }
    },
    "std": {
        "Rosenbrock": {
            "PRS": {
                "3": 55.44150264828526,
                "8": 13840.940637137732,
                "13": 59494.4663620552,
                "18": 58406.209744449785,
                "23": 181106.80461528947,
                "28": 176925.34086204797,
                "33": 183440.70618069067,
                "38": 198870.80203959823,
                "43": 376113.1639091558,
                "48": 504124.17975141836,
                "53": 137814.81914274575
            },
            "AdaLIPO_E": {
                "3": 15.239620137514466,
                "8": 11521.419299182653,
                "13": 114553.37826820173,
                "18": 154683.78394912888,
                "23": 148085.43757222913,
                "28": 300585.4640069276,
                "33": 477618.0982745261,
                "38": 470134.88059170434,
                "43": 171544.8248783348,
                "48": 472484.3800394866,
                "53": 382450.1982280567
            },
            "CMA_ES": {
                "3": 3.8202705896440876,
                "8": 215.73612604618663,
                "13": 66.81746489864577,
                "18": 129.3795447025352,
                "23": 3290.7467714771324,
                "28": 6449.92836217153,
                "33": 6997.754295412513,
                "38": 6994.458240976669,
                "43": 12559.264433919125,
                "48": 41897.59677476423,
                "53": 43196.17166335024
            },
            "GO_SVGD": {
                "3": 363.7230878594201,
                "8": 2049.2996317053785,
                "13": 2707.9248614922403,
                "18": 4858.005155419937,
                "23": 1331.0337450586376,
                "28": 2536.7226300828584,
                "33": 4622.6546033177165,
                "38": 8450.18950459255,
                "43": 12314.391747331212,
                "48": 5121.198090274121,
                "53": 6397.675630455906
            }
        }
    }
}