{
    "mean": {
        "Rosenbrock": {
            "CMA_ES": {
                "3": 0.9101250420662323,
                "8": 92.2995203958787,
                "13": 102.88926535137958,
                "18": 542.3381848048185,
                "23": 293.5434827402177,
                "28": 367.0163533686419,
                "33": 1394.2462035463536,
                "38": 2959.549269075898,
                "43": 3546.9764914119514,
                "48": 4099.00485191924,
                "53": 9693.399624413762
            },
            "NMDS": {
                "3": 0.2652232602412818,
                "8": 3.996311043312801,
                "13": 8.102003666842975,
                "18": 16.743337300375526,
                "23": 19.83338622636718,
                "28": 28.865613238836733,
                "33": 34.444680310705834,
                "38": 41.758984834793786,
                "43": 48.7523631494275,
                "48": 53.695644793987434,
                "53": 62.86735191274333
            }
        }
    },
    "std": {
        "Rosenbrock": {
            "CMA_ES": {
                "3": 1.3214460952211324,
                "8": 111.65552734815692,
                "13": 96.13530949762996,
                "18": 358.2929582259896,
                "23": 256.4002118817121,
                "28": 188.50842321529854,
                "33": 788.8974563590062,
                "38": 1781.9356714356136,
                "43": 1313.5218081851842,
                "48": 2385.2842536006456,
                "53": 5902.795856816081
            },
            "NMDS": {
                "3": 0.2476326220929071,
                "8": 0.9779340018643274,
                "13": 1.6982110289333332,
                "18": 0.4562222338104012,
                "23": 4.966591487495332,
                "28": 0.4146432129827543,
                "33": 2.2310378052660353,
                "38": 1.6506301884708228,
                "43": 1.1296680293726122,
                "48": 1.3990688236234436,
                "53": 1.0311113021028269
            }
        }
    }
}