{
    "age_groups": [
        0,
        10,
        20,
        30,
        40,
        50,
        60,
        70,
        80,
        90
    ],
    "transition_data": {
        "eta_weibull_k": 3.6,
        "eta_weibull_lbd": 16.1,
        "rho_exp_lbd": 0.059880239520958084,
        "zeta_weibull_k": 2.24,
        "zeta_weibull_lbd": 5.42,
        "v_exp_lbd": 0.15082956259426847,
        "mu": [
            0.055999999999999994,
            0.055999999999999994,
            0.044000000000000004,
            0.044000000000000004,
            0.066,
            0.086,
            0.129,
            0.218,
            0.327,
            0.327
        ],
        "icu": [
            0.0222,
            0.0222,
            0.0116,
            0.0159,
            0.0222,
            0.0276,
            0.0308,
            0.0249,
            0.005599999999999999,
            0.005599999999999999
        ],
        "d": [
            0.006,
            0.006,
            0.011000000000000001,
            0.019,
            0.033,
            0.065,
            0.126,
            0.21,
            0.316,
            0.316
        ],
        "ifr": [
            6.8750199853352e-05,
            0.00015125043967737441,
            0.0003327509672902237,
            0.0007320521280384923,
            0.0016105146816846833,
            0.0035431322997063032,
            0.007794891059353867,
            0.01714876033057851,
            0.03772727272727273,
            0.083
        ]
    }
}