{
    "age_groups": [
        0,
        10,
        20,
        30,
        40,
        50,
        60,
        70,
        80,
        90
    ],
    "transition_data": {
        "eta_weibull_k": 3.6,
        "eta_weibull_lbd": 16.1,
        "rho_exp_lbd": 0.059880239520958084,
        "zeta_weibull_k": 2.24,
        "zeta_weibull_lbd": 5.42,
        "v_exp_lbd": 0.15082956259426847,
        "mu": [
            0.055999999999999994,
            0.055999999999999994,
            0.044000000000000004,
            0.044000000000000004,
            0.066,
            0.086,
            0.129,
            0.218,
            0.327,
            0.327
        ],
        "icu": [
            0.222,
            0.222,
            0.11599999999999999,
            0.159,
            0.222,
            0.276,
            0.308,
            0.249,
            0.055999999999999994,
            0.055999999999999994
        ],
        "d": [
            0.006,
            0.006,
            0.011000000000000001,
            0.019,
            0.033,
            0.065,
            0.126,
            0.21,
            0.316,
            0.316
        ],
        "ifr": [
            1e-05,
            1e-05,
            5e-05,
            0.0002,
            0.0005,
            0.002,
            0.006999999999999999,
            0.019,
            0.083,
            0.083
        ]
    },
    "ifr": [
        0.0022740992963211654,
        0.0026152141907693402,
        0.003007496319384741,
        0.0034586207672924517,
        0.003977413882386319,
        0.004574025964744267,
        0.005260129859455906,
        0.006049149338374292,
        0.006956521739130435,
        0.008
    ]
}